dataset,regime
0_10,0
0_11,1
0_12,2
0_13,3
0_14,4
0_15,5
0_16,6
0_17,7
0_18,8
0_19,9
0_3,10
0_4,11
0_5,12
0_6,13
0_7,14
0_8,15
0_9,16
10_10,17
10_100,18
10_101,19
10_102,20
10_103,21
10_104,22
10_105,23
10_106,24
10_107,25
10_108,26
10_109,27
10_11,28
10_110,4
10_111,29
10_112,30
10_113,31
10_114,32
10_115,33
10_116,34
10_117,18
10_118,18
10_119,35
10_12,36
10_120,37
10_121,38
10_122,39
10_123,40
10_124,41
10_125,42
10_126,43
10_127,44
10_128,45
10_129,46
10_13,8
10_130,47
10_131,48
10_132,2
10_133,49
10_134,50
10_135,51
10_136,15
10_137,52
10_138,53
10_139,54
10_14,19
10_140,55
10_141,56
10_15,57
10_16,18
10_17,58
10_18,18
10_19,59
10_20,2
10_21,51
10_22,48
10_23,60
10_24,61
10_25,49
10_26,62
10_27,63
10_28,64
10_29,65
10_3,66
10_30,67
10_31,68
10_32,69
10_33,70
10_34,15
10_35,31
10_36,71
10_37,72
10_38,73
10_39,74
10_4,36
10_40,75
10_41,76
10_42,77
10_43,20
10_44,78
10_45,1
10_46,38
10_47,79
10_48,80
10_49,18
10_5,1
10_50,81
10_51,82
10_52,83
10_53,20
10_54,84
10_55,85
10_56,6
10_57,86
10_58,87
10_59,88
10_6,75
10_60,89
10_61,90
10_62,37
10_63,91
10_64,92
10_65,53
10_66,93
10_67,94
10_68,95
10_69,78
10_7,96
10_70,97
10_71,52
10_72,34
10_73,34
10_74,22
10_75,98
10_76,41
10_77,99
10_78,100
10_79,101
10_8,102
10_80,103
10_81,55
10_82,15
10_83,79
10_84,7
10_85,104
10_86,105
10_87,106
10_88,107
10_89,108
10_9,105
10_90,15
10_91,20
10_92,109
10_93,16
10_94,110
10_95,10
10_96,82
10_97,111
10_98,112
10_99,36
11_10,113
11_100,114
11_101,2
11_102,110
11_103,73
11_104,115
11_105,32
11_106,32
11_107,111
11_108,33
11_109,116
11_11,117
11_110,118
11_111,119
11_112,7
11_113,120
11_114,92
11_115,111
11_116,18
11_117,121
11_118,55
11_119,35
11_12,24
11_120,21
11_121,122
11_122,123
11_123,37
11_124,124
11_125,111
11_126,14
11_127,125
11_128,41
11_129,15
11_13,92
11_130,126
11_131,127
11_132,128
11_133,129
11_134,65
11_135,130
11_136,131
11_137,38
11_138,132
11_139,18
11_14,61
11_140,92
11_141,19
11_142,133
11_143,134
11_144,135
11_145,14
11_146,136
11_147,58
11_148,137
11_15,138
11_16,139
11_17,140
11_18,141
11_19,142
11_20,23
11_21,80
11_22,38
11_23,143
11_24,144
11_25,145
11_26,1
11_27,18
11_28,63
11_29,106
11_3,80
11_30,121
11_31,146
11_32,126
11_33,68
11_34,34
11_35,34
11_36,147
11_37,58
11_38,148
11_39,13
11_4,92
11_40,45
11_41,149
11_42,150
11_43,49
11_44,151
11_45,50
11_46,38
11_47,38
11_48,20
11_49,152
11_5,153
11_50,154
11_51,130
11_52,155
11_53,84
11_54,149
11_55,73
11_56,156
11_57,133
11_58,59
11_59,92
11_6,17
11_60,157
11_61,158
11_62,125
11_63,135
11_64,147
11_65,159
11_66,160
11_67,161
11_68,161
11_69,69
11_7,162
11_70,20
11_71,92
11_72,53
11_73,163
11_74,138
11_75,76
11_76,149
11_77,164
11_78,165
11_79,97
11_8,166
11_80,37
11_81,6
11_82,151
11_83,167
11_84,168
11_85,169
11_86,51
11_87,75
11_88,170
11_89,5
11_9,113
11_90,69
11_91,25
11_92,29
11_93,108
11_94,14
11_95,6
11_96,36
11_97,36
11_98,171
11_99,172
12_10,71
12_100,173
12_101,174
12_102,36
12_103,89
12_104,48
12_105,48
12_106,175
12_107,176
12_108,25
12_109,177
12_11,58
12_110,178
12_111,179
12_112,13
12_113,180
12_114,181
12_115,182
12_116,183
12_117,184
12_118,31
12_119,152
12_12,31
12_120,2
12_121,136
12_122,38
12_123,185
12_124,147
12_125,61
12_126,186
12_127,187
12_128,188
12_129,189
12_13,190
12_130,142
12_131,116
12_132,191
12_133,41
12_134,58
12_135,92
12_136,44
12_137,192
12_138,193
12_139,180
12_14,37
12_140,194
12_141,195
12_142,196
12_143,197
12_144,23
12_145,50
12_146,20
12_147,196
12_148,7
12_149,198
12_15,89
12_150,199
12_151,200
12_152,31
12_153,51
12_154,201
12_155,107
12_156,73
12_157,105
12_158,84
12_159,151
12_16,94
12_160,202
12_161,71
12_162,203
12_163,52
12_164,112
12_165,204
12_166,163
12_167,205
12_168,10
12_169,150
12_17,206
12_170,207
12_171,33
12_172,82
12_173,208
12_174,45
12_175,146
12_176,35
12_177,52
12_178,179
12_179,61
12_18,37
12_180,45
12_181,209
12_182,210
12_183,6
12_184,211
12_185,65
12_186,29
12_187,212
12_188,154
12_189,213
12_19,80
12_190,214
12_191,215
12_192,102
12_193,20
12_20,58
12_21,216
12_22,217
12_23,217
12_24,43
12_25,74
12_26,10
12_27,146
12_28,218
12_29,146
12_3,31
12_30,24
12_31,219
12_32,111
12_33,12
12_34,220
12_35,221
12_36,173
12_37,7
12_38,18
12_39,58
12_4,218
12_40,18
12_41,179
12_42,222
12_43,223
12_44,31
12_45,58
12_46,224
12_47,195
12_48,39
12_49,225
12_5,226
12_50,48
12_51,39
12_52,206
12_53,132
12_54,227
12_55,214
12_56,228
12_57,74
12_58,199
12_59,7
12_6,229
12_60,230
12_61,194
12_62,83
12_63,231
12_64,24
12_65,232
12_66,158
12_67,149
12_68,144
12_69,20
12_7,101
12_70,6
12_71,18
12_72,78
12_73,233
12_74,83
12_75,142
12_76,65
12_77,234
12_78,151
12_79,173
12_8,235
12_80,31
12_81,59
12_82,123
12_83,236
12_84,188
12_85,173
12_86,103
12_87,237
12_88,32
12_89,80
12_9,64
12_90,209
12_91,19
12_92,1
12_93,238
12_94,83
12_95,107
12_96,153
12_97,239
12_98,80
12_99,240
14_10,122
14_3,152
14_4,241
14_5,45
14_6,74
14_7,130
14_8,109
14_9,242
17_10,243
17_11,244
17_12,245
17_13,4
17_3,49
17_4,156
17_5,174
17_6,71
17_7,246
17_8,20
17_9,182
18_10,48
18_11,247
18_12,58
18_13,248
18_14,127
18_15,84
18_16,249
18_17,250
18_18,79
18_19,3
18_20,66
18_21,41
18_22,14
18_23,31
18_24,58
18_25,80
18_26,251
18_27,69
18_28,131
18_29,252
18_3,120
18_30,253
18_31,6
18_32,111
18_33,254
18_34,32
18_35,25
18_36,50
18_37,255
18_38,35
18_39,31
18_4,256
18_40,257
18_41,41
18_5,162
18_6,141
18_7,60
18_8,116
18_9,107
19_10,218
19_11,85
19_12,258
19_13,27
19_14,70
19_15,150
19_16,15
19_17,259
19_18,61
19_19,125
19_20,80
19_21,260
19_22,261
19_23,262
19_24,31
19_25,22
19_26,263
19_27,244
19_28,31
19_29,131
19_3,152
19_30,111
19_31,24
19_32,21
19_33,111
19_4,8
19_5,264
19_6,10
19_7,146
19_8,59
19_9,265
1_10,266
1_11,182
1_12,16
1_13,244
1_14,59
1_15,250
1_16,267
1_17,115
1_18,41
1_19,103
1_20,173
1_21,268
1_22,230
1_23,115
1_24,52
1_25,236
1_26,269
1_27,153
1_28,74
1_29,270
1_3,18
1_30,128
1_31,31
1_32,50
1_4,146
1_5,246
1_6,29
1_7,56
1_8,171
1_9,27
20_10,111
20_100,92
20_101,122
20_102,2
20_103,115
20_104,92
20_105,58
20_106,271
20_107,14
20_108,49
20_109,31
20_11,23
20_110,0
20_111,272
20_112,273
20_113,274
20_114,193
20_115,275
20_116,188
20_117,83
20_118,102
20_119,178
20_12,118
20_120,276
20_121,14
20_122,277
20_123,38
20_124,107
20_125,113
20_126,27
20_127,49
20_128,111
20_129,89
20_13,9
20_130,89
20_131,270
20_132,27
20_133,107
20_134,278
20_135,279
20_136,53
20_137,2
20_138,280
20_139,100
20_14,281
20_140,282
20_141,58
20_142,53
20_143,53
20_144,10
20_145,283
20_146,284
20_147,49
20_148,63
20_149,285
20_15,240
20_150,286
20_151,287
20_152,242
20_153,288
20_154,92
20_155,71
20_156,90
20_157,289
20_158,93
20_159,32
20_16,208
20_160,115
20_161,290
20_162,222
20_163,291
20_164,264
20_165,18
20_166,292
20_167,18
20_168,19
20_169,293
20_17,294
20_170,9
20_171,231
20_172,62
20_173,295
20_174,97
20_175,6
20_176,135
20_177,61
20_178,296
20_179,65
20_18,20
20_180,114
20_181,297
20_182,88
20_183,9
20_184,298
20_185,218
20_186,51
20_187,92
20_188,299
20_189,300
20_19,102
20_190,301
20_191,38
20_192,111
20_193,271
20_194,126
20_195,182
20_196,58
20_197,36
20_198,85
20_199,92
20_20,302
20_200,293
20_201,58
20_202,57
20_203,44
20_204,303
20_205,304
20_206,273
20_207,30
20_208,10
20_209,130
20_21,305
20_210,2
20_211,151
20_212,19
20_213,79
20_214,78
20_215,306
20_216,131
20_217,180
20_218,83
20_219,150
20_22,125
20_220,34
20_221,307
20_222,308
20_223,309
20_224,310
20_225,298
20_226,22
20_227,73
20_228,27
20_229,279
20_23,92
20_230,297
20_231,78
20_232,19
20_233,6
20_234,311
20_235,312
20_236,313
20_237,153
20_238,314
20_239,269
20_24,18
20_240,97
20_241,315
20_242,92
20_243,83
20_244,70
20_245,63
20_246,2
20_247,39
20_248,79
20_249,316
20_25,127
20_250,111
20_251,284
20_252,27
20_253,135
20_254,111
20_255,18
20_256,160
20_257,161
20_258,19
20_259,105
20_26,317
20_260,171
20_261,38
20_262,53
20_263,250
20_264,111
20_265,32
20_266,151
20_267,61
20_268,31
20_269,8
20_27,111
20_270,45
20_271,48
20_272,318
20_273,111
20_274,18
20_275,166
20_276,319
20_277,9
20_278,109
20_279,18
20_28,6
20_280,26
20_29,104
20_3,320
20_30,18
20_31,128
20_32,321
20_33,282
20_34,40
20_35,42
20_36,322
20_37,107
20_38,150
20_39,106
20_4,23
20_40,135
20_41,126
20_42,265
20_43,303
20_44,27
20_45,38
20_46,122
20_47,15
20_48,28
20_49,323
20_5,92
20_50,36
20_51,7
20_52,109
20_53,153
20_54,58
20_55,19
20_56,19
20_57,19
20_58,89
20_59,213
20_6,84
20_60,209
20_61,111
20_62,259
20_63,65
20_64,324
20_65,325
20_66,289
20_67,306
20_68,228
20_69,40
20_7,22
20_70,36
20_71,58
20_72,326
20_73,327
20_74,229
20_75,144
20_76,92
20_77,179
20_78,18
20_79,315
20_8,113
20_80,328
20_81,151
20_82,111
20_83,329
20_84,128
20_85,18
20_86,330
20_87,212
20_88,287
20_89,21
20_9,102
20_90,128
20_91,331
20_92,85
20_93,19
20_94,80
20_95,229
20_96,86
20_97,311
20_98,58
20_99,80
21_10,65
21_100,332
21_101,248
21_102,333
21_103,114
21_104,15
21_105,63
21_106,144
21_107,83
21_108,149
21_109,50
21_11,334
21_110,25
21_111,2
21_112,89
21_113,335
21_114,237
21_115,19
21_116,280
21_117,150
21_118,141
21_119,336
21_12,89
21_120,262
21_121,127
21_122,240
21_123,200
21_124,38
21_125,80
21_126,250
21_127,20
21_128,92
21_129,71
21_13,152
21_130,337
21_131,103
21_132,94
21_133,30
21_134,35
21_135,338
21_136,206
21_137,248
21_138,51
21_139,53
21_14,63
21_140,20
21_141,20
21_142,339
21_143,115
21_144,111
21_145,74
21_146,240
21_147,340
21_148,120
21_149,341
21_15,54
21_150,18
21_151,6
21_152,122
21_153,89
21_154,342
21_155,143
21_156,141
21_157,52
21_158,247
21_159,343
21_16,23
21_160,84
21_161,48
21_162,270
21_163,63
21_164,85
21_165,24
21_166,173
21_167,41
21_168,52
21_169,344
21_17,147
21_170,5
21_171,20
21_172,79
21_173,58
21_174,146
21_175,82
21_176,20
21_177,82
21_178,19
21_179,150
21_18,114
21_180,58
21_181,111
21_182,50
21_183,56
21_184,6
21_185,105
21_186,71
21_187,34
21_188,35
21_189,27
21_19,20
21_190,59
21_191,80
21_192,345
21_193,58
21_194,316
21_195,6
21_196,346
21_197,18
21_198,34
21_199,19
21_20,90
21_200,18
21_201,347
21_202,58
21_203,173
21_204,19
21_205,55
21_206,206
21_207,79
21_208,348
21_209,238
21_21,7
21_210,193
21_211,4
21_212,64
21_213,8
21_214,57
21_215,287
21_216,52
21_217,193
21_218,59
21_219,133
21_22,3
21_220,51
21_221,349
21_222,350
21_223,179
21_224,166
21_225,125
21_226,351
21_227,16
21_228,37
21_229,91
21_23,6
21_230,352
21_231,128
21_232,231
21_233,171
21_234,342
21_235,353
21_236,354
21_237,105
21_238,102
21_239,18
21_24,206
21_240,19
21_241,19
21_242,14
21_243,342
21_244,18
21_245,18
21_246,18
21_247,355
21_248,51
21_249,80
21_25,350
21_250,21
21_251,111
21_252,106
21_253,144
21_254,79
21_255,50
21_256,125
21_257,30
21_258,34
21_259,10
21_26,18
21_260,13
21_261,250
21_262,51
21_263,356
21_264,73
21_265,34
21_266,92
21_267,84
21_268,255
21_269,357
21_27,31
21_270,358
21_271,359
21_272,115
21_273,57
21_274,6
21_275,19
21_276,160
21_277,18
21_278,18
21_279,360
21_28,18
21_280,171
21_281,361
21_282,32
21_283,128
21_284,26
21_285,19
21_286,92
21_287,329
21_288,10
21_289,362
21_29,350
21_290,2
21_291,209
21_292,31
21_293,15
21_294,349
21_295,92
21_296,35
21_297,156
21_298,108
21_299,88
21_3,39
21_30,21
21_300,334
21_301,363
21_302,83
21_303,27
21_304,364
21_305,92
21_306,365
21_307,366
21_308,45
21_309,80
21_31,367
21_310,368
21_311,100
21_312,111
21_313,44
21_314,173
21_315,365
21_316,240
21_317,40
21_318,240
21_319,144
21_32,182
21_320,19
21_321,21
21_322,111
21_323,292
21_324,303
21_325,115
21_326,111
21_327,58
21_328,58
21_329,34
21_33,328
21_330,248
21_331,194
21_332,111
21_333,19
21_334,230
21_335,92
21_336,50
21_337,151
21_338,277
21_339,172
21_34,15
21_340,19
21_341,52
21_342,105
21_343,133
21_344,3
21_345,204
21_346,83
21_347,197
21_348,27
21_349,4
21_35,51
21_350,14
21_351,320
21_352,45
21_353,59
21_354,346
21_355,369
21_356,370
21_357,18
21_358,135
21_359,44
21_36,85
21_360,371
21_361,8
21_362,6
21_363,131
21_364,65
21_365,93
21_366,154
21_367,372
21_368,373
21_369,161
21_37,20
21_370,251
21_371,146
21_372,315
21_373,259
21_374,319
21_375,111
21_376,241
21_377,321
21_378,85
21_379,10
21_38,85
21_380,10
21_381,27
21_382,241
21_383,150
21_384,374
21_385,375
21_386,69
21_387,93
21_388,78
21_389,25
21_39,80
21_390,298
21_391,10
21_392,376
21_393,30
21_394,18
21_395,15
21_396,150
21_397,223
21_398,78
21_399,19
21_4,242
21_40,334
21_400,1
21_401,377
21_402,23
21_403,141
21_404,367
21_405,362
21_406,120
21_407,158
21_408,265
21_409,327
21_41,31
21_410,111
21_411,111
21_412,9
21_413,378
21_414,15
21_415,379
21_416,380
21_417,50
21_418,5
21_419,41
21_42,116
21_420,27
21_421,171
21_422,280
21_423,111
21_424,265
21_425,92
21_426,381
21_427,69
21_428,163
21_429,344
21_43,300
21_430,60
21_431,70
21_432,191
21_433,58
21_434,31
21_435,36
21_436,13
21_437,244
21_438,89
21_439,59
21_44,325
21_440,8
21_441,61
21_442,18
21_443,19
21_444,231
21_445,41
21_446,162
21_447,186
21_448,102
21_449,92
21_45,313
21_450,79
21_451,93
21_452,361
21_453,6
21_454,324
21_455,53
21_456,382
21_457,19
21_458,18
21_459,3
21_46,383
21_460,19
21_461,19
21_462,206
21_463,93
21_464,384
21_465,171
21_466,184
21_467,84
21_468,224
21_469,45
21_47,18
21_470,18
21_471,180
21_472,45
21_473,69
21_474,263
21_475,41
21_476,31
21_477,385
21_478,109
21_479,386
21_48,32
21_480,29
21_481,150
21_482,171
21_483,314
21_484,8
21_485,30
21_486,78
21_487,97
21_488,199
21_489,78
21_49,15
21_490,55
21_491,154
21_492,284
21_493,34
21_494,387
21_495,124
21_496,27
21_497,384
21_498,51
21_499,53
21_5,388
21_50,236
21_500,149
21_501,92
21_502,389
21_503,316
21_504,48
21_505,19
21_506,18
21_507,390
21_508,199
21_509,391
21_51,92
21_510,392
21_511,15
21_512,141
21_513,59
21_514,65
21_515,393
21_516,259
21_517,45
21_518,108
21_519,204
21_52,9
21_520,394
21_521,18
21_522,6
21_523,111
21_524,395
21_525,19
21_526,296
21_527,231
21_528,28
21_529,59
21_53,15
21_530,21
21_531,314
21_532,396
21_533,265
21_534,19
21_535,111
21_536,19
21_537,146
21_538,290
21_539,24
21_54,52
21_540,397
21_541,10
21_542,398
21_543,399
21_544,225
21_545,400
21_546,243
21_547,93
21_548,231
21_549,384
21_55,84
21_550,144
21_551,18
21_552,51
21_553,401
21_554,88
21_555,10
21_556,40
21_557,165
21_558,146
21_559,243
21_56,20
21_560,111
21_561,402
21_562,32
21_563,67
21_564,35
21_565,403
21_566,100
21_567,87
21_568,29
21_569,379
21_57,37
21_570,68
21_571,58
21_572,404
21_573,50
21_574,156
21_575,87
21_576,277
21_577,65
21_578,122
21_579,132
21_58,327
21_580,248
21_581,223
21_582,405
21_583,92
21_584,57
21_585,39
21_586,21
21_587,212
21_588,406
21_589,27
21_59,215
21_590,92
21_591,160
21_592,19
21_593,21
21_594,71
21_595,92
21_596,82
21_597,220
21_598,202
21_599,407
21_6,397
21_60,51
21_600,84
21_601,14
21_602,408
21_603,102
21_604,51
21_605,295
21_606,80
21_607,20
21_608,409
21_609,308
21_61,410
21_610,19
21_611,47
21_612,411
21_613,89
21_614,18
21_615,111
21_616,80
21_617,273
21_618,87
21_619,18
21_62,20
21_620,79
21_621,179
21_622,209
21_623,269
21_624,412
21_625,413
21_626,92
21_627,6
21_628,51
21_63,414
21_64,53
21_65,415
21_66,15
21_67,92
21_68,19
21_69,416
21_7,13
21_70,209
21_71,7
21_72,58
21_73,385
21_74,76
21_75,169
21_76,417
21_77,32
21_78,371
21_79,6
21_8,58
21_80,146
21_81,1
21_82,31
21_83,150
21_84,32
21_85,109
21_86,418
21_87,27
21_88,216
21_89,82
21_9,311
21_90,51
21_91,262
21_92,59
21_93,34
21_94,170
21_95,370
21_96,51
21_97,93
21_98,9
21_99,41
22_10,9
22_11,331
22_12,13
22_13,419
22_14,15
22_3,4
22_4,52
22_5,10
22_6,18
22_7,146
22_8,215
22_9,40
23_10,35
23_100,15
23_101,420
23_102,58
23_103,316
23_104,148
23_105,112
23_106,248
23_107,142
23_108,415
23_109,128
23_11,150
23_110,144
23_111,80
23_112,18
23_113,49
23_114,49
23_115,9
23_116,221
23_117,7
23_118,115
23_119,123
23_12,62
23_120,218
23_121,226
23_122,421
23_123,36
23_124,6
23_125,422
23_126,198
23_127,110
23_128,19
23_129,9
23_13,10
23_130,331
23_131,104
23_132,208
23_133,27
23_134,277
23_135,58
23_136,19
23_137,71
23_138,207
23_139,18
23_14,186
23_140,271
23_141,113
23_142,4
23_143,423
23_144,424
23_145,425
23_146,193
23_147,35
23_148,39
23_149,103
23_15,370
23_150,28
23_151,89
23_152,32
23_153,310
23_154,8
23_155,89
23_156,44
23_157,289
23_158,35
23_159,363
23_16,426
23_160,82
23_161,38
23_162,15
23_163,132
23_164,59
23_165,206
23_166,316
23_167,84
23_168,32
23_169,69
23_17,18
23_170,205
23_171,152
23_172,58
23_173,306
23_174,115
23_175,250
23_176,111
23_177,240
23_178,102
23_179,18
23_18,8
23_180,97
23_181,246
23_182,92
23_183,273
23_184,322
23_185,269
23_186,114
23_187,73
23_188,20
23_189,58
23_19,50
23_190,49
23_191,99
23_192,61
23_193,280
23_194,427
23_195,58
23_196,63
23_197,36
23_198,333
23_199,9
23_20,31
23_200,45
23_201,129
23_202,428
23_203,429
23_204,430
23_205,377
23_206,324
23_207,53
23_208,252
23_209,40
23_21,431
23_210,252
23_211,134
23_212,265
23_213,432
23_214,22
23_215,265
23_216,433
23_217,433
23_218,434
23_219,32
23_22,31
23_220,318
23_221,435
23_222,55
23_223,15
23_224,15
23_225,353
23_226,51
23_227,436
23_228,182
23_229,23
23_23,111
23_230,115
23_231,53
23_232,150
23_233,10
23_234,212
23_235,420
23_236,15
23_237,316
23_238,342
23_239,71
23_24,415
23_240,92
23_241,84
23_242,174
23_243,425
23_244,34
23_245,400
23_246,39
23_247,70
23_248,29
23_249,1
23_25,53
23_250,164
23_251,419
23_252,270
23_253,437
23_254,58
23_255,19
23_256,8
23_257,438
23_258,240
23_259,193
23_26,58
23_260,111
23_261,32
23_262,250
23_263,40
23_27,48
23_28,45
23_29,436
23_3,85
23_30,68
23_31,59
23_32,439
23_33,35
23_34,14
23_35,31
23_36,53
23_37,440
23_38,92
23_39,280
23_4,441
23_40,234
23_41,442
23_42,90
23_43,443
23_44,199
23_45,1
23_46,335
23_47,444
23_48,84
23_49,300
23_5,15
23_50,60
23_51,335
23_52,53
23_53,18
23_54,280
23_55,221
23_56,221
23_57,70
23_58,120
23_59,41
23_6,38
23_60,89
23_61,92
23_62,65
23_63,193
23_64,420
23_65,16
23_66,150
23_67,44
23_68,63
23_69,182
23_7,297
23_70,350
23_71,182
23_72,2
23_73,83
23_74,164
23_75,53
23_76,241
23_77,86
23_78,240
23_79,364
23_8,89
23_80,151
23_81,58
23_82,32
23_83,58
23_84,411
23_85,57
23_86,419
23_87,148
23_88,28
23_89,19
23_9,392
23_90,144
23_91,58
23_92,18
23_93,150
23_94,27
23_95,195
23_96,445
23_97,2
23_98,446
23_99,223
24_10,447
24_11,40
24_12,226
24_13,382
24_14,448
24_15,267
24_16,27
24_3,146
24_4,27
24_5,57
24_6,428
24_7,82
24_8,44
24_9,43
25_3,152
26_10,449
26_11,6
26_12,450
26_13,199
26_14,32
26_15,174
26_16,132
26_17,58
26_18,31
26_19,58
26_20,179
26_21,18
26_22,53
26_23,70
26_24,290
26_25,208
26_26,451
26_27,123
26_28,270
26_29,108
26_3,87
26_30,420
26_31,20
26_32,92
26_33,83
26_34,31
26_35,262
26_36,150
26_37,52
26_38,452
26_39,389
26_4,212
26_40,125
26_41,35
26_42,18
26_43,6
26_44,6
26_45,18
26_46,63
26_47,48
26_48,1
26_49,142
26_5,212
26_50,64
26_51,363
26_52,18
26_6,85
26_7,314
26_8,425
26_9,314
27_10,58
27_100,453
27_101,433
27_102,68
27_103,142
27_104,454
27_105,455
27_106,329
27_107,165
27_108,361
27_109,413
27_11,34
27_110,456
27_111,457
27_112,26
27_113,50
27_114,38
27_115,103
27_116,63
27_117,63
27_118,14
27_119,58
27_12,458
27_120,424
27_121,45
27_122,15
27_123,215
27_124,338
27_125,13
27_126,180
27_127,36
27_128,149
27_129,36
27_13,184
27_130,18
27_131,36
27_132,50
27_133,80
27_134,152
27_135,134
27_136,356
27_137,2
27_138,7
27_139,166
27_14,14
27_140,32
27_141,328
27_142,92
27_143,280
27_144,435
27_145,58
27_146,80
27_147,114
27_148,18
27_149,41
27_15,211
27_150,459
27_151,327
27_152,89
27_153,120
27_154,460
27_155,51
27_156,92
27_157,379
27_158,50
27_159,259
27_16,461
27_160,307
27_161,263
27_162,152
27_163,462
27_164,74
27_165,146
27_166,197
27_167,107
27_168,10
27_169,284
27_17,3
27_170,34
27_171,31
27_172,58
27_173,463
27_174,14
27_175,50
27_176,71
27_177,211
27_178,432
27_179,297
27_18,376
27_180,464
27_181,288
27_182,220
27_183,14
27_184,180
27_185,289
27_186,35
27_187,73
27_188,102
27_19,36
27_20,111
27_21,292
27_22,49
27_23,165
27_24,83
27_25,92
27_26,72
27_27,465
27_28,466
27_29,385
27_3,209
27_30,92
27_31,251
27_32,92
27_33,129
27_34,467
27_35,107
27_36,116
27_37,20
27_38,468
27_39,469
27_4,59
27_40,23
27_41,129
27_42,68
27_43,384
27_44,6
27_45,32
27_46,470
27_47,183
27_48,169
27_49,153
27_5,135
27_50,20
27_51,20
27_52,92
27_53,207
27_54,39
27_55,230
27_56,20
27_57,80
27_58,31
27_59,471
27_6,18
27_60,226
27_61,89
27_62,2
27_63,21
27_64,222
27_65,82
27_66,154
27_67,80
27_68,58
27_69,24
27_7,51
27_70,70
27_71,28
27_72,346
27_73,58
27_74,32
27_75,184
27_76,28
27_77,392
27_78,42
27_79,80
27_8,92
27_80,115
27_81,472
27_82,409
27_83,146
27_84,89
27_85,254
27_86,192
27_87,113
27_88,23
27_89,4
27_9,473
27_90,147
27_91,377
27_92,252
27_93,364
27_94,10
27_95,474
27_96,245
27_97,20
27_98,36
27_99,3
28_3,475
28_4,272
28_5,370
28_6,246
28_7,113
2_10,476
2_3,73
2_4,267
2_5,193
2_6,58
2_7,145
2_8,323
2_9,248
31_10,6
31_100,147
31_101,146
31_102,477
31_103,35
31_104,6
31_105,56
31_106,111
31_107,478
31_108,19
31_109,92
31_11,378
31_110,392
31_111,342
31_112,150
31_113,349
31_114,295
31_115,60
31_116,144
31_117,70
31_118,86
31_119,92
31_12,373
31_120,191
31_121,479
31_122,22
31_123,136
31_124,385
31_125,246
31_126,300
31_127,14
31_128,215
31_129,436
31_13,286
31_130,121
31_131,300
31_132,115
31_133,480
31_134,55
31_135,180
31_136,481
31_137,482
31_138,80
31_139,9
31_14,36
31_140,289
31_141,328
31_142,257
31_143,195
31_144,251
31_145,90
31_146,19
31_147,20
31_148,383
31_149,221
31_15,20
31_150,218
31_151,483
31_152,39
31_153,29
31_154,325
31_155,20
31_156,146
31_157,83
31_158,259
31_159,308
31_16,238
31_160,80
31_161,18
31_162,392
31_163,393
31_164,83
31_165,92
31_166,330
31_167,87
31_168,219
31_169,220
31_17,240
31_170,484
31_171,15
31_172,36
31_173,110
31_174,89
31_175,311
31_176,41
31_177,18
31_178,29
31_179,8
31_18,231
31_180,9
31_181,242
31_182,52
31_183,324
31_184,18
31_185,270
31_186,78
31_187,42
31_188,485
31_189,182
31_19,486
31_190,56
31_191,50
31_192,334
31_193,312
31_194,487
31_195,488
31_196,31
31_197,128
31_198,58
31_199,489
31_20,194
31_200,18
31_201,18
31_202,302
31_203,490
31_204,380
31_205,55
31_206,299
31_207,24
31_208,32
31_209,90
31_21,152
31_210,111
31_211,209
31_212,318
31_213,178
31_214,35
31_215,113
31_216,466
31_217,180
31_218,58
31_219,70
31_22,132
31_220,89
31_221,39
31_222,68
31_223,37
31_224,98
31_225,21
31_226,106
31_227,15
31_228,55
31_229,209
31_23,49
31_230,150
31_231,370
31_232,128
31_233,186
31_234,39
31_235,227
31_236,438
31_237,106
31_238,142
31_239,491
31_24,146
31_240,58
31_241,218
31_242,351
31_243,165
31_244,10
31_245,492
31_246,453
31_247,370
31_248,150
31_249,493
31_25,3
31_250,15
31_251,50
31_252,31
31_253,8
31_254,12
31_255,194
31_256,198
31_257,494
31_258,63
31_259,136
31_26,4
31_260,1
31_261,495
31_262,142
31_263,47
31_264,416
31_265,6
31_266,109
31_267,231
31_268,496
31_269,4
31_27,133
31_270,246
31_271,92
31_272,70
31_273,203
31_274,73
31_275,209
31_276,41
31_277,273
31_278,273
31_279,211
31_28,123
31_280,10
31_281,76
31_282,20
31_283,198
31_284,126
31_285,114
31_286,307
31_29,497
31_3,198
31_30,68
31_31,283
31_32,306
31_33,50
31_34,50
31_35,216
31_36,498
31_37,69
31_38,440
31_39,3
31_4,184
31_40,265
31_41,28
31_42,70
31_43,120
31_44,85
31_45,383
31_46,499
31_47,500
31_48,69
31_49,478
31_5,94
31_50,18
31_51,34
31_52,80
31_53,501
31_54,229
31_55,485
31_56,329
31_57,297
31_58,502
31_59,105
31_6,242
31_60,184
31_61,92
31_62,350
31_63,15
31_64,287
31_65,146
31_66,58
31_67,89
31_68,139
31_69,209
31_7,20
31_70,182
31_71,113
31_72,131
31_73,140
31_74,31
31_75,31
31_76,152
31_77,503
31_78,6
31_79,125
31_8,284
31_80,194
31_81,41
31_82,152
31_83,94
31_84,66
31_85,169
31_86,250
31_87,113
31_88,110
31_89,110
31_9,401
31_90,24
31_91,18
31_92,151
31_93,504
31_94,137
31_95,19
31_96,64
31_97,377
31_98,115
31_99,289
32_10,385
32_100,499
32_101,111
32_102,111
32_103,28
32_104,365
32_105,10
32_106,505
32_107,58
32_108,262
32_109,35
32_11,49
32_110,3
32_111,240
32_112,506
32_113,94
32_114,5
32_115,63
32_116,14
32_117,58
32_118,98
32_119,105
32_12,151
32_120,34
32_121,324
32_122,32
32_123,2
32_124,199
32_125,73
32_126,465
32_127,83
32_128,19
32_129,115
32_13,71
32_130,507
32_131,42
32_132,50
32_133,118
32_134,70
32_135,49
32_136,20
32_137,0
32_138,456
32_139,410
32_14,78
32_140,280
32_141,19
32_142,2
32_143,370
32_144,2
32_145,102
32_146,218
32_147,209
32_148,115
32_149,508
32_15,199
32_150,210
32_151,14
32_152,34
32_16,18
32_17,92
32_18,20
32_19,45
32_20,442
32_21,40
32_22,9
32_23,458
32_24,509
32_25,2
32_26,92
32_27,19
32_28,19
32_29,63
32_3,435
32_30,42
32_31,13
32_32,510
32_33,58
32_34,18
32_35,511
32_36,39
32_37,4
32_38,4
32_39,237
32_4,85
32_40,37
32_41,75
32_42,298
32_43,245
32_44,20
32_45,35
32_46,82
32_47,104
32_48,150
32_49,149
32_5,298
32_50,263
32_51,127
32_52,172
32_53,440
32_54,59
32_55,497
32_56,90
32_57,194
32_58,197
32_59,142
32_6,220
32_60,18
32_61,190
32_62,142
32_63,38
32_64,13
32_65,22
32_66,52
32_67,22
32_68,26
32_69,194
32_7,2
32_70,35
32_71,237
32_72,470
32_73,10
32_74,512
32_75,105
32_76,18
32_77,36
32_78,248
32_79,38
32_8,22
32_80,513
32_81,14
32_82,35
32_83,20
32_84,58
32_85,70
32_86,68
32_87,58
32_88,297
32_89,320
32_9,80
32_90,514
32_91,515
32_92,204
32_93,179
32_94,66
32_95,80
32_96,356
32_97,363
32_98,516
32_99,57
33_10,422
33_11,43
33_12,166
33_13,80
33_14,18
33_15,181
33_16,290
33_17,328
33_18,127
33_19,246
33_20,20
33_21,1
33_22,331
33_23,142
33_24,5
33_25,277
33_26,76
33_27,293
33_28,517
33_29,187
33_3,317
33_30,111
33_31,6
33_32,127
33_33,45
33_34,244
33_35,490
33_36,120
33_37,49
33_38,147
33_39,150
33_4,376
33_40,111
33_41,390
33_42,248
33_43,194
33_44,518
33_45,131
33_46,370
33_47,20
33_48,237
33_49,397
33_5,359
33_50,105
33_51,233
33_52,328
33_53,440
33_54,74
33_55,516
33_56,153
33_57,38
33_58,20
33_59,246
33_6,470
33_60,102
33_61,31
33_7,381
33_8,32
33_9,18
34_10,40
34_11,314
34_12,237
34_13,94
34_14,18
34_15,519
34_16,71
34_17,155
34_18,7
34_19,14
34_20,20
34_21,65
34_22,290
34_23,520
34_24,45
34_25,173
34_26,80
34_27,11
34_28,419
34_29,106
34_3,34
34_30,154
34_31,40
34_32,290
34_33,107
34_34,432
34_35,179
34_36,259
34_37,31
34_38,151
34_39,58
34_4,521
34_40,50
34_41,9
34_42,31
34_43,31
34_44,462
34_45,522
34_46,18
34_47,85
34_5,433
34_6,523
34_7,340
34_8,324
34_9,51
35_10,347
35_100,135
35_101,31
35_102,288
35_103,290
35_104,58
35_105,240
35_106,193
35_107,34
35_108,92
35_109,115
35_11,219
35_110,271
35_111,78
35_112,112
35_113,363
35_114,212
35_115,3
35_116,126
35_117,32
35_118,31
35_119,66
35_12,36
35_120,111
35_121,173
35_122,97
35_123,80
35_124,89
35_125,22
35_126,249
35_127,297
35_128,165
35_129,224
35_13,84
35_130,146
35_131,4
35_132,1
35_133,392
35_134,63
35_135,3
35_136,38
35_137,393
35_138,38
35_139,94
35_14,94
35_140,301
35_141,94
35_142,106
35_143,180
35_144,14
35_145,29
35_146,144
35_147,89
35_148,252
35_149,22
35_15,524
35_150,36
35_151,44
35_152,525
35_153,156
35_154,73
35_155,245
35_156,146
35_157,42
35_158,526
35_159,527
35_16,80
35_160,36
35_161,36
35_162,334
35_163,6
35_164,29
35_165,83
35_166,150
35_167,85
35_168,151
35_169,528
35_17,230
35_170,237
35_171,215
35_172,132
35_173,80
35_174,529
35_175,4
35_176,14
35_177,59
35_178,530
35_179,31
35_18,35
35_180,18
35_181,259
35_182,19
35_183,106
35_184,51
35_185,486
35_186,3
35_187,88
35_188,363
35_189,242
35_19,18
35_190,531
35_191,15
35_192,102
35_193,198
35_194,21
35_195,87
35_196,340
35_197,280
35_198,68
35_199,379
35_20,27
35_200,16
35_201,35
35_202,80
35_203,209
35_204,377
35_205,82
35_206,225
35_207,392
35_208,70
35_209,70
35_21,52
35_210,76
35_211,84
35_212,84
35_213,372
35_214,307
35_215,102
35_216,31
35_217,73
35_218,28
35_219,364
35_22,6
35_220,532
35_221,71
35_222,83
35_223,19
35_224,533
35_225,2
35_226,398
35_227,534
35_228,132
35_229,282
35_23,113
35_230,402
35_231,9
35_232,72
35_233,21
35_234,121
35_235,14
35_236,122
35_237,125
35_238,419
35_239,15
35_24,179
35_240,23
35_241,9
35_242,73
35_243,282
35_244,282
35_245,106
35_246,129
35_247,106
35_248,21
35_249,208
35_25,32
35_250,19
35_251,2
35_252,92
35_253,23
35_254,271
35_255,1
35_256,150
35_257,377
35_258,83
35_259,92
35_26,193
35_260,20
35_261,290
35_262,23
35_263,65
35_264,478
35_265,407
35_266,257
35_267,535
35_268,27
35_269,362
35_27,107
35_270,379
35_271,172
35_272,249
35_273,1
35_274,154
35_275,130
35_276,164
35_277,64
35_278,61
35_279,35
35_28,180
35_280,371
35_281,85
35_282,73
35_283,432
35_284,127
35_285,527
35_286,151
35_287,78
35_288,101
35_289,335
35_29,398
35_290,191
35_291,220
35_292,2
35_293,79
35_294,73
35_295,495
35_296,142
35_297,536
35_298,14
35_299,146
35_3,39
35_30,470
35_300,537
35_301,156
35_31,56
35_32,122
35_33,236
35_34,41
35_35,460
35_36,52
35_37,34
35_38,538
35_39,539
35_4,227
35_40,460
35_41,44
35_42,289
35_43,107
35_44,240
35_45,92
35_46,255
35_47,152
35_48,53
35_49,160
35_5,310
35_50,106
35_51,190
35_52,58
35_53,146
35_54,80
35_55,15
35_56,316
35_57,187
35_58,187
35_59,150
35_6,31
35_60,80
35_61,83
35_62,18
35_63,20
35_64,14
35_65,15
35_66,80
35_67,143
35_68,540
35_69,144
35_7,52
35_70,31
35_71,36
35_72,40
35_73,323
35_74,212
35_75,541
35_76,288
35_77,35
35_78,15
35_79,152
35_8,89
35_80,10
35_81,103
35_82,542
35_83,18
35_84,32
35_85,20
35_86,298
35_87,156
35_88,50
35_89,78
35_9,2
35_90,34
35_91,543
35_92,42
35_93,544
35_94,453
35_95,545
35_96,501
35_97,482
35_98,73
35_99,151
36_3,202
36_4,202
36_5,142
36_6,19
36_7,52
36_8,29
38_10,81
38_100,133
38_101,4
38_102,89
38_103,406
38_104,435
38_105,85
38_106,505
38_107,113
38_108,273
38_109,27
38_11,147
38_110,9
38_111,56
38_112,42
38_113,202
38_114,322
38_115,2
38_116,63
38_117,329
38_118,546
38_119,18
38_12,63
38_120,301
38_121,149
38_122,132
38_123,12
38_124,3
38_125,19
38_126,92
38_127,416
38_13,18
38_14,31
38_15,111
38_16,20
38_17,334
38_18,18
38_19,245
38_20,36
38_21,347
38_22,113
38_23,9
38_24,169
38_25,382
38_26,73
38_27,257
38_28,78
38_29,68
38_3,518
38_30,8
38_31,32
38_32,494
38_33,115
38_34,209
38_35,547
38_36,397
38_37,20
38_38,50
38_39,133
38_4,240
38_40,150
38_41,8
38_42,36
38_43,3
38_44,169
38_45,182
38_46,486
38_47,14
38_48,528
38_49,215
38_5,220
38_50,29
38_51,196
38_52,39
38_53,548
38_54,150
38_55,549
38_56,80
38_57,142
38_58,193
38_59,286
38_6,102
38_60,76
38_61,169
38_62,269
38_63,193
38_64,85
38_65,58
38_66,211
38_67,315
38_68,271
38_69,30
38_7,80
38_70,301
38_71,12
38_72,550
38_73,198
38_74,305
38_75,402
38_76,58
38_77,377
38_78,70
38_79,105
38_8,18
38_80,328
38_81,74
38_82,58
38_83,268
38_84,43
38_85,129
38_86,70
38_87,437
38_88,44
38_89,29
38_9,8
38_90,470
38_91,6
38_92,6
38_93,120
38_94,432
38_95,198
38_96,43
38_97,50
38_98,192
38_99,180
39_10,24
39_11,290
39_12,498
39_13,437
39_14,1
39_15,18
39_16,182
39_17,146
39_18,162
39_19,327
39_20,156
39_21,113
39_22,242
39_23,269
39_24,0
39_25,38
39_26,146
39_27,58
39_28,36
39_29,29
39_3,551
39_30,193
39_31,41
39_32,209
39_33,505
39_34,214
39_35,51
39_36,251
39_37,18
39_38,8
39_39,287
39_4,14
39_40,80
39_41,393
39_42,440
39_43,76
39_44,356
39_45,257
39_46,90
39_47,552
39_48,49
39_49,38
39_5,214
39_50,307
39_51,553
39_52,512
39_53,447
39_54,446
39_55,5
39_56,123
39_57,328
39_58,9
39_59,192
39_6,554
39_60,28
39_61,20
39_62,259
39_63,45
39_64,31
39_65,237
39_66,66
39_67,15
39_68,133
39_69,555
39_7,464
39_70,134
39_71,57
39_72,34
39_73,36
39_74,494
39_75,174
39_76,253
39_77,187
39_78,68
39_79,239
39_8,32
39_80,74
39_9,3
40_3,71
41_10,487
41_11,26
41_12,77
41_13,246
41_14,324
41_15,53
41_16,4
41_17,64
41_18,18
41_19,105
41_20,69
41_21,193
41_3,179
41_4,528
41_5,556
41_6,6
41_7,333
41_8,342
41_9,132
42_3,56
42_4,224
42_5,80
42_6,90
42_7,557
42_8,109
43_3,20
43_4,63
43_5,215
43_6,78
43_7,158
43_8,166
44_10,28
44_11,236
44_12,558
44_13,10
44_14,188
44_15,83
44_16,92
44_17,120
44_18,63
44_19,51
44_20,559
44_21,111
44_22,52
44_23,249
44_24,348
44_3,58
44_4,525
44_5,498
44_6,315
44_7,341
44_8,251
44_9,548
45_10,560
45_11,32
45_12,68
45_13,232
45_14,36
45_15,15
45_16,6
45_17,427
45_18,22
45_19,150
45_20,210
45_21,113
45_22,208
45_23,45
45_24,364
45_25,113
45_26,15
45_3,561
45_4,542
45_5,107
45_6,18
45_7,94
45_8,20
45_9,61
46_10,320
46_11,31
46_12,19
46_13,443
46_14,20
46_15,503
46_16,562
46_17,38
46_18,42
46_19,237
46_20,18
46_21,7
46_22,18
46_23,79
46_24,27
46_25,38
46_26,198
46_27,233
46_28,194
46_29,563
46_3,141
46_30,10
46_31,35
46_32,15
46_33,147
46_34,106
46_35,508
46_36,445
46_37,20
46_38,83
46_39,7
46_4,142
46_40,435
46_41,31
46_42,8
46_43,41
46_44,34
46_45,564
46_46,4
46_47,563
46_48,84
46_49,4
46_5,22
46_50,85
46_51,173
46_52,36
46_53,565
46_54,250
46_55,546
46_56,444
46_57,93
46_58,56
46_59,123
46_6,147
46_60,51
46_61,80
46_62,63
46_63,472
46_64,141
46_65,52
46_66,38
46_67,566
46_68,397
46_69,567
46_7,92
46_70,381
46_71,9
46_72,568
46_73,79
46_74,340
46_75,18
46_76,80
46_77,35
46_78,218
46_79,93
46_8,92
46_80,34
46_9,126
47_3,569
48_10,357
48_100,3
48_101,422
48_102,570
48_103,85
48_104,34
48_105,53
48_106,76
48_107,31
48_108,58
48_109,14
48_11,88
48_110,14
48_111,94
48_112,21
48_113,89
48_114,141
48_115,33
48_116,146
48_117,571
48_118,65
48_119,124
48_12,197
48_120,316
48_121,247
48_122,212
48_123,379
48_124,133
48_125,51
48_126,35
48_127,13
48_128,4
48_129,12
48_13,4
48_130,129
48_131,321
48_132,155
48_133,89
48_134,405
48_135,38
48_136,295
48_137,44
48_138,64
48_139,34
48_14,80
48_140,19
48_141,8
48_142,572
48_143,573
48_144,574
48_145,26
48_146,106
48_147,212
48_148,451
48_149,144
48_15,215
48_150,44
48_151,10
48_152,20
48_153,14
48_16,511
48_17,156
48_18,575
48_19,179
48_20,70
48_21,15
48_22,284
48_23,29
48_24,50
48_25,90
48_26,80
48_27,165
48_28,165
48_29,512
48_3,154
48_30,58
48_31,177
48_32,10
48_33,14
48_34,68
48_35,20
48_36,576
48_37,53
48_38,18
48_39,68
48_4,122
48_40,419
48_41,92
48_42,58
48_43,20
48_44,106
48_45,57
48_46,144
48_47,6
48_48,38
48_49,50
48_5,547
48_50,69
48_51,185
48_52,58
48_53,102
48_54,27
48_55,577
48_56,13
48_57,129
48_58,63
48_59,578
48_6,35
48_60,314
48_61,224
48_62,161
48_63,176
48_64,579
48_65,79
48_66,38
48_67,165
48_68,125
48_69,71
48_7,111
48_70,73
48_71,424
48_72,94
48_73,111
48_74,18
48_75,9
48_76,265
48_77,35
48_78,27
48_79,10
48_8,84
48_80,316
48_81,20
48_82,35
48_83,206
48_84,580
48_85,27
48_86,27
48_87,160
48_88,58
48_89,50
48_9,45
48_90,193
48_91,19
48_92,232
48_93,581
48_94,274
48_95,154
48_96,215
48_97,161
48_98,105
48_99,383
49_10,390
49_11,314
49_12,208
49_13,107
49_14,2
49_15,244
49_16,582
49_17,27
49_18,121
49_3,19
49_4,141
49_5,254
49_6,583
49_7,146
49_8,361
49_9,461
50_10,377
50_11,206
50_12,584
50_13,208
50_14,178
50_15,294
50_16,530
50_3,43
50_4,158
50_5,585
50_6,4
50_7,4
50_8,27
50_9,144
52_3,331
52_4,83
52_5,20
52_6,111
52_7,516
52_8,8
53_10,36
53_11,83
53_12,64
53_13,182
53_14,291
53_15,22
53_16,107
53_17,146
53_18,45
53_19,4
53_20,215
53_21,31
53_22,63
53_23,586
53_24,98
53_25,18
53_26,111
53_27,8
53_28,231
53_29,587
53_3,342
53_30,328
53_31,9
53_32,36
53_33,92
53_34,151
53_35,588
53_36,20
53_37,589
53_38,58
53_39,205
53_4,111
53_40,205
53_41,231
53_42,59
53_43,41
53_44,27
53_45,58
53_46,15
53_47,163
53_48,328
53_49,79
53_5,78
53_50,133
53_51,143
53_52,164
53_53,36
53_54,397
53_55,169
53_56,205
53_57,105
53_58,182
53_6,83
53_7,174
53_8,590
53_9,45
54_10,36
54_100,591
54_101,27
54_102,18
54_103,199
54_104,280
54_105,592
54_106,19
54_107,316
54_108,196
54_109,202
54_11,20
54_110,194
54_111,198
54_112,15
54_113,78
54_114,382
54_115,35
54_116,236
54_117,83
54_118,593
54_119,31
54_12,83
54_13,150
54_14,133
54_15,325
54_16,29
54_17,150
54_18,324
54_19,254
54_20,176
54_21,38
54_22,92
54_23,280
54_24,17
54_25,3
54_26,126
54_27,126
54_28,594
54_29,154
54_3,595
54_30,109
54_31,146
54_32,45
54_33,561
54_34,61
54_35,20
54_36,111
54_37,125
54_38,7
54_39,539
54_4,73
54_40,344
54_41,145
54_42,118
54_43,178
54_44,107
54_45,158
54_46,51
54_47,0
54_48,48
54_49,7
54_5,58
54_50,246
54_51,271
54_52,24
54_53,92
54_54,132
54_55,170
54_56,72
54_57,573
54_58,78
54_59,163
54_6,79
54_60,34
54_61,193
54_62,18
54_63,193
54_64,592
54_65,85
54_66,42
54_67,4
54_68,263
54_69,183
54_7,370
54_70,215
54_71,29
54_72,387
54_73,88
54_74,41
54_75,265
54_76,240
54_77,212
54_78,509
54_79,35
54_8,134
54_80,102
54_81,111
54_82,240
54_83,29
54_84,5
54_85,146
54_86,284
54_87,21
54_88,180
54_89,182
54_9,244
54_90,19
54_91,53
54_92,284
54_93,182
54_94,147
54_95,78
54_96,302
54_97,448
54_98,580
54_99,485
55_10,28
55_11,442
55_12,430
55_13,383
55_14,318
55_15,257
55_16,80
55_17,267
55_18,596
55_19,255
55_20,151
55_21,467
55_22,135
55_23,75
55_24,132
55_25,306
55_26,48
55_27,289
55_3,111
55_4,94
55_5,58
55_6,68
55_7,252
55_8,44
55_9,376
56_10,192
56_100,1
56_101,483
56_102,518
56_103,255
56_104,17
56_105,323
56_106,60
56_107,297
56_108,319
56_109,213
56_11,42
56_110,437
56_111,109
56_112,28
56_113,402
56_114,597
56_115,92
56_116,28
56_117,8
56_118,407
56_119,134
56_12,39
56_120,41
56_121,133
56_122,251
56_123,322
56_124,73
56_125,598
56_126,206
56_127,267
56_128,331
56_129,102
56_13,27
56_130,599
56_131,19
56_132,63
56_133,240
56_134,40
56_135,589
56_136,322
56_137,341
56_138,15
56_139,92
56_14,41
56_140,84
56_141,20
56_142,28
56_143,240
56_144,236
56_145,184
56_146,18
56_147,259
56_148,128
56_149,39
56_15,111
56_150,68
56_151,20
56_152,280
56_153,383
56_154,53
56_155,397
56_156,600
56_157,275
56_158,222
56_159,601
56_16,129
56_160,86
56_161,496
56_162,54
56_163,508
56_164,383
56_165,9
56_166,226
56_167,9
56_168,28
56_169,45
56_17,127
56_170,40
56_171,109
56_172,27
56_173,105
56_174,284
56_175,362
56_176,45
56_177,25
56_178,106
56_179,297
56_18,31
56_180,36
56_181,20
56_182,214
56_183,92
56_184,53
56_185,19
56_186,273
56_187,53
56_188,62
56_189,316
56_19,19
56_190,71
56_191,339
56_192,132
56_193,45
56_194,275
56_195,210
56_196,602
56_197,226
56_198,19
56_199,82
56_20,63
56_200,27
56_201,234
56_202,45
56_203,154
56_204,20
56_205,31
56_206,174
56_207,316
56_208,11
56_209,196
56_21,536
56_210,9
56_211,210
56_212,9
56_213,603
56_214,153
56_215,42
56_216,116
56_217,19
56_218,604
56_219,144
56_22,419
56_220,146
56_221,366
56_222,325
56_223,111
56_23,184
56_24,45
56_25,179
56_26,157
56_27,10
56_28,184
56_29,111
56_3,29
56_30,130
56_31,256
56_32,111
56_33,35
56_34,52
56_35,235
56_36,299
56_37,605
56_38,76
56_39,108
56_4,19
56_40,191
56_41,199
56_42,58
56_43,235
56_44,240
56_45,344
56_46,606
56_47,144
56_48,212
56_49,29
56_5,6
56_50,316
56_51,142
56_52,211
56_53,111
56_54,212
56_55,306
56_56,607
56_57,163
56_58,194
56_59,53
56_6,209
56_60,298
56_61,68
56_62,10
56_63,136
56_64,28
56_65,148
56_66,44
56_67,45
56_68,196
56_69,83
56_7,15
56_70,531
56_71,608
56_72,38
56_73,153
56_74,6
56_75,92
56_76,153
56_77,17
56_78,609
56_79,19
56_8,288
56_80,23
56_81,63
56_82,6
56_83,537
56_84,106
56_85,21
56_86,85
56_87,52
56_88,240
56_89,324
56_9,215
56_90,486
56_91,87
56_92,3
56_93,2
56_94,42
56_95,324
56_96,153
56_97,14
56_98,65
56_99,14
57_10,20
57_100,65
57_101,107
57_102,92
57_103,31
57_104,69
57_105,543
57_106,99
57_107,331
57_108,8
57_109,610
57_11,8
57_110,107
57_111,482
57_112,90
57_113,250
57_114,525
57_115,406
57_116,215
57_117,265
57_118,229
57_119,611
57_12,20
57_120,75
57_121,61
57_122,83
57_123,248
57_124,243
57_125,80
57_126,348
57_127,58
57_128,18
57_129,106
57_13,58
57_130,156
57_131,559
57_132,107
57_133,35
57_134,125
57_135,72
57_136,170
57_137,213
57_138,70
57_139,63
57_14,35
57_140,146
57_141,73
57_142,24
57_143,1
57_144,92
57_145,80
57_146,612
57_147,82
57_148,230
57_149,111
57_15,58
57_150,322
57_151,87
57_152,25
57_153,50
57_154,14
57_155,1
57_156,166
57_157,266
57_158,15
57_159,51
57_16,344
57_160,169
57_161,433
57_162,15
57_163,262
57_164,280
57_165,240
57_166,82
57_167,221
57_168,50
57_169,380
57_17,0
57_170,79
57_171,79
57_172,179
57_173,69
57_174,194
57_175,270
57_176,10
57_177,490
57_178,613
57_179,35
57_18,85
57_180,614
57_181,241
57_182,220
57_183,18
57_184,57
57_185,292
57_186,94
57_187,73
57_188,83
57_189,85
57_19,66
57_190,444
57_191,157
57_192,211
57_193,146
57_194,405
57_195,615
57_196,108
57_197,146
57_198,340
57_199,135
57_20,66
57_200,453
57_201,616
57_202,366
57_203,129
57_204,52
57_205,115
57_206,35
57_207,75
57_208,253
57_209,60
57_21,377
57_210,50
57_211,219
57_212,236
57_213,89
57_214,68
57_215,406
57_216,93
57_217,182
57_218,56
57_219,322
57_22,106
57_220,10
57_221,283
57_222,205
57_223,391
57_224,0
57_225,424
57_226,410
57_227,251
57_228,115
57_229,18
57_23,337
57_230,209
57_231,344
57_232,52
57_233,15
57_234,207
57_235,424
57_236,279
57_237,327
57_238,152
57_239,354
57_24,274
57_240,199
57_241,22
57_242,111
57_243,547
57_244,36
57_245,617
57_246,14
57_247,79
57_248,4
57_249,32
57_25,93
57_250,618
57_251,420
57_252,166
57_253,475
57_254,391
57_255,61
57_256,398
57_257,44
57_258,619
57_259,211
57_26,166
57_260,545
57_27,453
57_28,150
57_29,186
57_3,111
57_30,460
57_31,181
57_32,298
57_33,115
57_34,53
57_35,73
57_36,92
57_37,620
57_38,415
57_39,20
57_4,80
57_40,58
57_41,353
57_42,240
57_43,92
57_44,166
57_45,75
57_46,73
57_47,58
57_48,129
57_49,0
57_5,184
57_50,479
57_51,150
57_52,0
57_53,580
57_54,31
57_55,383
57_56,143
57_57,453
57_58,70
57_59,51
57_6,34
57_60,228
57_61,621
57_62,430
57_63,3
57_64,59
57_65,28
57_66,4
57_67,544
57_68,35
57_69,36
57_7,527
57_70,25
57_71,480
57_72,29
57_73,382
57_74,83
57_75,128
57_76,622
57_77,623
57_78,286
57_79,8
57_8,556
57_80,79
57_81,251
57_82,223
57_83,69
57_84,139
57_85,51
57_86,271
57_87,392
57_88,289
57_89,21
57_9,2
57_90,307
57_91,3
57_92,68
57_93,20
57_94,6
57_95,111
57_96,624
57_97,625
57_98,208
57_99,6
58_3,134
59_3,25
5_3,289
5_4,295
5_5,92
5_6,64
5_7,49
5_8,433
60_10,209
60_11,79
60_12,70
60_13,226
60_14,2
60_15,479
60_16,347
60_17,52
60_18,111
60_19,20
60_20,290
60_21,481
60_22,89
60_23,420
60_24,176
60_25,211
60_26,162
60_27,173
60_28,52
60_29,56
60_3,424
60_30,206
60_31,265
60_32,89
60_33,10
60_34,312
60_35,436
60_36,16
60_37,293
60_38,293
60_39,29
60_4,626
60_40,38
60_41,38
60_42,92
60_43,203
60_44,381
60_45,259
60_46,442
60_47,437
60_48,108
60_49,88
60_5,508
60_50,624
60_51,266
60_52,286
60_53,85
60_54,359
60_55,215
60_56,129
60_57,19
60_58,1
60_59,20
60_6,425
60_60,251
60_61,146
60_62,254
60_63,142
60_64,174
60_65,148
60_66,157
60_67,29
60_68,201
60_69,399
60_7,465
60_70,627
60_71,21
60_72,36
60_73,92
60_74,73
60_75,149
60_76,461
60_77,503
60_78,27
60_79,59
60_8,84
60_80,53
60_81,209
60_82,15
60_9,151
62_10,236
62_11,184
62_12,61
62_13,526
62_14,69
62_15,196
62_16,130
62_17,3
62_3,331
62_4,128
62_5,353
62_6,2
62_7,148
62_8,92
62_9,4
64_10,38
64_100,36
64_101,77
64_11,36
64_12,80
64_13,329
64_14,58
64_15,416
64_16,20
64_17,14
64_18,628
64_19,215
64_20,6
64_21,335
64_22,324
64_23,138
64_24,495
64_25,629
64_26,82
64_27,484
64_28,329
64_29,52
64_3,147
64_30,35
64_31,79
64_32,252
64_33,107
64_34,89
64_35,104
64_36,302
64_37,247
64_38,14
64_39,134
64_4,363
64_40,558
64_41,124
64_42,302
64_43,20
64_44,420
64_45,301
64_46,19
64_47,174
64_48,79
64_49,224
64_5,58
64_50,35
64_51,58
64_52,71
64_53,85
64_54,89
64_55,12
64_56,28
64_57,89
64_58,544
64_59,209
64_6,82
64_60,131
64_61,531
64_62,576
64_63,146
64_64,190
64_65,220
64_66,630
64_67,335
64_68,9
64_69,132
64_7,587
64_70,31
64_71,237
64_72,52
64_73,271
64_74,230
64_75,6
64_76,35
64_77,25
64_78,177
64_79,6
64_8,291
64_80,12
64_81,104
64_82,52
64_83,28
64_84,173
64_85,340
64_86,92
64_87,538
64_88,95
64_89,95
64_9,85
64_90,124
64_91,546
64_92,448
64_93,30
64_94,79
64_95,84
64_96,406
64_97,55
64_98,184
64_99,94
65_10,162
65_100,135
65_101,460
65_102,628
65_103,123
65_104,351
65_105,6
65_106,29
65_107,525
65_108,15
65_109,150
65_11,301
65_110,397
65_111,32
65_112,236
65_113,112
65_114,507
65_115,35
65_116,111
65_117,403
65_118,6
65_119,74
65_12,52
65_120,445
65_121,631
65_122,342
65_123,6
65_124,31
65_125,63
65_126,256
65_127,111
65_128,209
65_129,92
65_13,279
65_130,19
65_131,80
65_132,270
65_133,83
65_134,53
65_135,280
65_136,92
65_137,19
65_138,51
65_139,431
65_14,143
65_140,182
65_141,565
65_142,58
65_143,251
65_144,240
65_145,63
65_146,38
65_147,476
65_148,226
65_149,347
65_15,157
65_150,97
65_151,20
65_152,58
65_153,511
65_154,148
65_155,632
65_156,327
65_157,200
65_158,130
65_159,391
65_16,161
65_160,6
65_161,459
65_162,31
65_163,567
65_164,29
65_165,53
65_166,166
65_167,358
65_168,414
65_169,29
65_17,268
65_170,262
65_171,54
65_172,85
65_173,31
65_174,555
65_175,63
65_176,579
65_177,15
65_178,173
65_179,361
65_18,324
65_180,198
65_19,61
65_20,41
65_21,212
65_22,79
65_23,58
65_24,246
65_25,103
65_26,272
65_27,613
65_28,462
65_29,161
65_3,18
65_30,78
65_31,66
65_32,350
65_33,147
65_34,300
65_35,275
65_36,64
65_37,162
65_38,633
65_39,119
65_4,230
65_40,634
65_41,635
65_42,449
65_43,114
65_44,1
65_45,18
65_46,199
65_47,166
65_48,58
65_49,6
65_5,553
65_50,151
65_51,242
65_52,636
65_53,29
65_54,15
65_55,347
65_56,19
65_57,209
65_58,242
65_59,462
65_6,27
65_60,407
65_61,478
65_62,421
65_63,27
65_64,144
65_65,29
65_66,637
65_67,433
65_68,336
65_69,420
65_7,314
65_70,43
65_71,115
65_72,104
65_73,18
65_74,31
65_75,353
65_76,241
65_77,369
65_78,445
65_79,396
65_8,389
65_80,2
65_81,80
65_82,180
65_83,8
65_84,170
65_85,132
65_86,148
65_87,44
65_88,4
65_89,280
65_9,98
65_90,184
65_91,58
65_92,179
65_93,102
65_94,18
65_95,18
65_96,51
65_97,84
65_98,35
65_99,127
66_10,19
66_11,209
66_12,48
66_13,113
66_14,29
66_15,84
66_16,80
66_17,20
66_18,329
66_19,308
66_20,285
66_21,191
66_22,86
66_23,1
66_24,8
66_3,44
66_4,10
66_5,165
66_6,419
66_7,126
66_8,122
66_9,9
67_10,79
67_3,78
67_4,230
67_5,115
67_6,387
67_7,519
67_8,638
67_9,35
6_10,52
6_11,52
6_12,92
6_13,152
6_14,48
6_15,38
6_16,31
6_17,136
6_18,234
6_19,554
6_20,80
6_21,147
6_22,263
6_3,185
6_4,105
6_5,639
6_6,178
6_7,40
6_8,35
6_9,58
70_3,27
70_4,48
70_5,277
70_6,350
71_10,107
71_11,190
71_12,256
71_13,63
71_14,59
71_15,12
71_16,32
71_17,230
71_18,185
71_3,270
71_4,27
71_5,223
71_6,59
71_7,31
71_8,20
71_9,525
72_10,230
72_11,80
72_12,82
72_13,477
72_14,459
72_15,34
72_16,514
72_17,151
72_18,334
72_19,31
72_20,36
72_21,340
72_22,38
72_23,574
72_24,215
72_25,94
72_26,267
72_27,202
72_28,135
72_29,470
72_3,158
72_30,640
72_31,2
72_32,276
72_33,184
72_34,641
72_35,598
72_36,180
72_37,271
72_38,250
72_39,19
72_4,271
72_40,195
72_41,209
72_42,363
72_43,42
72_44,39
72_45,284
72_46,75
72_47,176
72_48,323
72_49,184
72_5,454
72_6,73
72_7,230
72_8,77
72_9,142
73_10,83
73_11,115
73_12,262
73_13,6
73_3,7
73_4,642
73_5,415
73_6,79
73_7,432
73_8,1
73_9,378
74_10,252
74_11,109
74_12,73
74_13,58
74_14,259
74_15,94
74_3,119
74_4,2
74_5,10
74_6,4
74_7,326
74_8,9
74_9,643
75_10,179
75_11,380
75_12,64
75_13,615
75_14,290
75_15,486
75_16,203
75_17,38
75_18,275
75_19,93
75_20,121
75_21,135
75_22,115
75_23,644
75_24,185
75_25,84
75_26,34
75_27,71
75_28,51
75_29,53
75_3,20
75_30,251
75_31,132
75_32,46
75_33,53
75_34,53
75_35,111
75_36,92
75_37,584
75_38,50
75_39,431
75_4,300
75_40,93
75_41,610
75_42,18
75_43,280
75_44,358
75_45,218
75_46,43
75_47,146
75_48,43
75_49,132
75_5,5
75_6,28
75_7,3
75_8,8
75_9,105
76_10,2
76_100,625
76_101,79
76_102,80
76_103,58
76_104,230
76_105,52
76_106,18
76_107,35
76_108,34
76_109,278
76_11,15
76_110,12
76_111,37
76_112,61
76_113,20
76_114,22
76_115,9
76_116,5
76_117,63
76_118,20
76_119,0
76_12,84
76_120,35
76_121,29
76_122,63
76_123,645
76_124,237
76_125,582
76_126,199
76_127,58
76_128,358
76_129,94
76_13,623
76_130,20
76_131,396
76_132,200
76_133,200
76_134,200
76_135,19
76_136,603
76_137,13
76_138,215
76_139,26
76_14,624
76_140,18
76_141,108
76_142,151
76_143,115
76_144,272
76_145,58
76_146,144
76_147,6
76_148,646
76_149,14
76_15,647
76_150,467
76_151,251
76_152,581
76_153,152
76_154,9
76_155,209
76_156,228
76_157,58
76_158,18
76_159,69
76_16,80
76_160,405
76_161,516
76_162,51
76_163,83
76_164,589
76_165,370
76_166,69
76_167,307
76_168,163
76_169,466
76_17,194
76_170,648
76_171,1
76_172,29
76_173,179
76_174,144
76_175,111
76_176,402
76_177,346
76_178,1
76_179,1
76_18,491
76_180,202
76_181,286
76_182,86
76_183,122
76_184,20
76_185,34
76_186,251
76_187,101
76_188,424
76_189,219
76_19,35
76_190,127
76_191,206
76_192,357
76_193,406
76_194,43
76_195,82
76_196,175
76_197,11
76_198,130
76_199,77
76_20,445
76_200,53
76_201,524
76_202,92
76_203,112
76_204,83
76_205,241
76_206,92
76_207,148
76_208,270
76_209,80
76_21,83
76_210,133
76_211,154
76_212,472
76_213,42
76_214,519
76_215,328
76_216,467
76_217,392
76_218,133
76_219,413
76_22,31
76_220,115
76_221,92
76_222,79
76_223,24
76_224,9
76_225,649
76_23,35
76_24,18
76_25,18
76_26,36
76_27,126
76_28,7
76_29,58
76_3,599
76_30,113
76_31,265
76_32,650
76_33,589
76_34,156
76_35,113
76_36,213
76_37,187
76_38,146
76_39,172
76_4,53
76_40,651
76_41,1
76_42,52
76_43,652
76_44,259
76_45,58
76_46,516
76_47,212
76_48,206
76_49,20
76_5,136
76_50,328
76_51,52
76_52,38
76_53,653
76_54,90
76_55,18
76_56,92
76_57,80
76_58,179
76_59,63
76_6,283
76_60,212
76_61,108
76_62,73
76_63,534
76_64,31
76_65,73
76_66,29
76_67,654
76_68,156
76_69,319
76_7,128
76_70,20
76_71,90
76_72,54
76_73,5
76_74,655
76_75,236
76_76,337
76_77,254
76_78,656
76_79,3
76_8,525
76_80,63
76_81,2
76_82,230
76_83,82
76_84,448
76_85,136
76_86,657
76_87,71
76_88,31
76_89,658
76_9,20
76_90,319
76_91,55
76_92,70
76_93,146
76_94,456
76_95,527
76_96,32
76_97,30
76_98,18
76_99,131
77_10,31
77_11,35
77_12,52
77_13,410
77_14,26
77_15,9
77_16,150
77_17,1
77_18,31
77_19,287
77_20,56
77_21,198
77_22,38
77_23,486
77_24,90
77_25,4
77_26,461
77_27,69
77_28,118
77_29,146
77_3,58
77_30,156
77_31,92
77_32,209
77_33,19
77_34,655
77_35,254
77_36,436
77_37,16
77_38,325
77_39,38
77_4,480
77_40,659
77_41,237
77_42,237
77_43,31
77_44,85
77_45,138
77_46,20
77_47,83
77_48,63
77_49,63
77_5,35
77_50,240
77_51,89
77_52,293
77_53,20
77_54,19
77_55,654
77_56,660
77_57,31
77_58,105
77_59,26
77_6,89
77_60,154
77_61,328
77_62,7
77_63,115
77_64,92
77_65,52
77_66,41
77_67,35
77_68,242
77_69,173
77_7,107
77_70,92
77_71,92
77_72,105
77_73,347
77_74,273
77_75,329
77_76,38
77_77,84
77_8,41
77_9,14
7_3,111
7_4,38
7_5,113
8_10,8
8_11,436
8_12,15
8_13,481
8_14,242
8_15,58
8_16,125
8_17,85
8_18,78
8_19,88
8_20,93
8_21,435
8_22,125
8_23,23
8_24,402
8_25,20
8_26,661
8_27,92
8_28,228
8_29,1
8_3,354
8_30,150
8_31,252
8_4,463
8_5,152
8_6,55
8_7,206
8_8,79
8_9,268
9_10,28
9_11,36
9_12,18
9_13,20
9_14,9
9_15,343
9_16,279
9_17,157
9_18,97
9_19,150
9_20,15
9_21,92
9_22,498
9_23,303
9_24,182
9_25,247
9_26,280
9_27,146
9_28,329
9_29,205
9_3,41
9_30,150
9_31,150
9_32,92
9_33,79
9_34,71
9_4,84
9_5,425
9_6,199
9_7,92
9_8,18
